1	R	4000	14100	0	0	0	0	0	0	4040	10
4	I	4040	50017	0	0	0	0	0	0	0	0
5	I	4000	14100	0	0	0	0	0	0	0	0
6	I	4100	4	0	0	0	0	0	0	0	0
7	I	4101	3	0	0	0	0	0	0	0	0
8	I	4102	4	0	0	0	0	0	0	0	0
10	I	4103	36013	0	0	0	0	0	0	0	0
12	I	4104	66002	37777	0	0	0	0	0	0	0
14	I	4105	54100	40000	0	0	0	0	0	0	0
16	I	4107	54101	1	0	0	0	0	0	0	0
18	I	4110	36014	1	0	0	0	0	0	0	0
20	I	4111	66011	37777740000	0	0	0	0	0	0	0
22	I	4112	54102	37777737777	0	0	0	0	0	0	0
24	I	4114	54103	37777777776	0	0	0	0	0	0	0
26	I	4115	36004	37777777776	0	0	0	0	0	0	0
28	I	4116	54220	3	0	0	0	0	0	0	0
30	I	4117	36003	3	0	0	0	0	0	0	0
32	I	4120	26220	2	0	0	0	0	0	0	0
34	I	4121	30220	5	0	0	0	0	0	0	0
36	I	4122	54104	5	0	0	0	0	0	0	0
38	I	4123	46002	5	0	0	0	0	0	0	0
40	I	4124	54105	37777777776	0	0	0	0	0	0	0
42	I	4125	36015	37777777776	0	0	0	0	0	0	0
44	I	4126	76016	37777752525	0	0	0	0	0	0	0
46	I	4127	54106	12421	0	0	0	0	0	0	0
48	I	4130	36002	12421	0	0	0	0	0	0	0
50	I	4131	54227	1	0	0	0	0	0	0	0
52	I	4132	36004	1	0	0	0	0	0	0	0
53	I	4133	6	3	0	0	0	0	0	0	0
55	I	4134	60227	3	0	0	0	0	0	0	0
57	I	4135	54107	2	0	0	0	0	0	0	0
59	I	4136	36004	2	0	0	0	0	0	0	0
61	I	4137	54227	3	0	0	0	0	0	0	0
63	I	4140	36006	3	0	0	0	0	0	0	0
64	I	4141	6	5	0	0	0	0	0	0	0
66	I	4142	20227	5	0	0	0	0	0	0	0
68	I	4143	54227	2	0	0	0	0	0	0	0
70	I	4144	30227	2	0	0	0	0	0	0	0
72	I	4145	54110	2	0	0	0	0	0	0	0
74	I	4146	24227	2	0	0	0	0	0	0	0
76	I	4147	30227	2	0	0	0	0	0	0	0
78	I	4150	54111	3	0	0	0	0	0	0	0
80	I	4151	36000	3	0	0	0	0	0	0	0
82	I	4152	54221	0	0	0	0	0	0	0	0
83	I	4153	6	0	0	0	0	0	0	0	0
85	I	4154	24221	0	0	0	0	0	0	0	0
86	I	4155	6	0	0	0	0	0	0	0	0
88	I	4156	26221	0	0	0	0	0	0	0	0
90	I	4157	30221	0	0	0	0	0	0	0	0
92	I	4160	54112	37777777777	0	0	0	0	0	0	0
94	I	4161	36001	37777777777	0	0	0	0	0	0	0
96	I	4162	54222	37777777777	0	0	0	0	0	0	0
97	I	4163	6	37777777777	0	0	0	0	0	0	0
99	I	4164	24222	37777777777	0	0	0	0	0	0	0
100	I	4165	6	37777777777	0	0	0	0	0	0	0
102	I	4166	26222	37777777777	0	0	0	0	0	0	0
104	I	4167	30222	37777777777	0	0	0	0	0	0	0
106	I	4170	54113	37777777777	0	0	0	0	0	0	0
108	I	4171	36002	37777777777	0	0	0	0	0	0	0
110	I	4172	54223	1	0	0	0	0	0	0	0
112	I	4173	10223	1	0	0	0	0	0	0	0
113	I	4174	14175	0	0	0	0	0	0	0	0
115	I	4175	36000	0	0	0	0	0	0	0	0
117	I	4176	54224	0	0	0	0	0	0	0	0
119	I	4177	10224	0	0	0	0	0	0	0	0
120	I	4201	14202	0	0	0	0	0	0	0	0
122	I	4202	36011	0	0	0	0	0	0	0	0
124	I	4203	54225	37777777776	0	0	0	0	0	0	0
126	I	4204	10225	37777777776	0	0	0	0	0	0	0
127	I	4207	14210	0	0	0	0	0	0	0	0
129	I	4210	36001	0	0	0	0	0	0	0	0
131	I	4211	54226	37777777777	0	0	0	0	0	0	0
133	I	4212	10226	37777777777	0	0	0	0	0	0	0
134	I	4216	14217	0	0	0	0	0	0	0	0
136	I	4217	36000	0	0	0	0	0	0	0	0
137	I	4220	6	0	0	0	0	0	0	0	0
138	I	4221	14223	0	0	0	0	0	0	0	0
140	I	4223	36002	0	0	0	0	0	0	0	0
141	I	4224	6	1	0	0	0	0	0	0	0
142	I	4225	15700	1	0	0	0	0	0	0	0
144	I	4226	36001	1	0	0	0	0	0	0	0
145	I	4227	6	37777777777	0	0	0	0	0	0	0
146	I	4230	14232	37777777777	0	0	0	0	0	0	0
148	I	4232	36011	37777777777	0	0	0	0	0	0	0
149	I	4233	6	37777777776	0	0	0	0	0	0	0
150	I	4234	64236	37777777776	0	0	0	0	0	0	0
152	I	4236	36002	37777777776	0	0	0	0	0	0	0
153	I	4237	6	1	0	0	0	0	0	0	0
154	I	4240	65700	1	0	0	0	0	0	0	0
156	I	4241	36004	1	0	0	0	0	0	0	0
158	I	4242	54230	3	0	0	0	0	0	0	0
160	I	4243	36006	3	0	0	0	0	0	0	0
162	I	4244	56230	5	0	0	0	0	0	0	0
164	I	4245	54114	3	0	0	0	0	0	0	0
166	I	4246	36003	3	0	0	0	0	0	0	0
168	I	4247	54231	2	0	0	0	0	0	0	0
170	I	4250	22231	2	0	0	0	0	0	0	0
172	I	4251	30001	2	2	0	0	0	0	0	0
174	I	4252	54115	2	2	0	0	0	0	0	0
176	I	4253	36004	2	2	0	0	0	0	0	0
178	I	4254	54232	3	2	0	0	0	0	0	0
179	I	4255	6	3	2	0	0	0	0	0	0
181	I	4256	22232	3	2	0	0	0	0	0	0
183	I	4257	30002	3	2	3	0	0	0	0	0
185	I	4260	54116	3	2	3	0	0	0	0	0
187	I	4261	36007	3	2	3	0	0	0	0	0
189	I	4262	54233	10	2	3	0	0	0	0	0
191	I	4263	36010	10	2	3	0	0	0	0	0
193	I	4264	54234	11	2	3	0	0	0	0	0
195	I	4265	36005	11	2	3	0	0	0	0	0
197	I	4266	54235	4	2	3	0	0	0	0	0
199	I	4267	22235	4	2	3	0	0	0	0	0
201	I	4270	36004	4	4	3	0	0	0	0	0
204	I	4271	52234	3	4	3	0	0	0	0	0
206	I	4272	54117	10	11	3	0	0	0	0	0
208	I	4273	30001	10	11	3	0	0	0	0	0
210	I	4274	54120	11	11	3	0	0	0	0	0
212	I	4275	30233	11	11	3	0	0	0	0	0
215	I	4276	54121	3	11	3	0	0	0	0	0
217	I	4277	30234	3	11	3	0	0	0	0	0
219	I	4300	54122	4	11	3	0	0	0	0	0
221	I	4301	36002	4	11	3	0	0	0	0	0
223	I	4302	54236	1	11	3	0	0	0	0	0
225	I	4303	50236	1	11	3	0	0	0	0	0
226	I	4304	14306	1	11	3	0	0	0	0	0
228	I	4306	36021	1	11	3	0	0	0	0	0
229	I	4307	6	12345	11	3	0	0	0	0	0
231	I	4310	1041	12345	11	3	0	0	0	0	0
233	I	4311	36002	12345	11	3	0	0	0	0	0
235	I	4312	54237	1	11	3	0	0	0	0	0
236	I	4313	6	1	11	3	0	0	0	0	0
238	I	4314	50237	1	11	3	0	0	0	0	0
240	I	4315	41	1	11	3	0	0	0	0	0
242	I	4316	54123	12345	11	3	0	0	0	0	0
243	I	4317	6	12345	11	3	0	0	0	0	0
246	I	4320	36023	12345	11	3	0	0	0	0	0
248	I	4321	54124	1	2	3	0	0	0	0	0
250	I	4322	30001	1	2	3	0	0	0	0	0
252	I	4323	54125	2	2	3	0	0	0	0	0
253	I	4324	6	2	2	3	0	0	0	0	0
256	I	4325	46023	2	2	3	0	0	0	0	0
258	I	4326	54126	37777777776	37777777775	3	0	0	0	0	0
260	I	4327	30001	37777777776	37777777775	3	0	0	0	0	0
262	I	4330	54127	37777777775	37777777775	3	0	0	0	0	0
264	I	4331	36002	37777777775	37777777775	3	0	0	0	0	0
266	I	4332	54240	1	37777777775	3	0	0	0	0	0
268	I	4333	36003	1	37777777775	3	0	0	0	0	0
270	I	4334	54241	2	37777777775	3	0	0	0	0	0
272	I	4335	36005	2	37777777775	3	0	0	0	0	0
274	I	4336	54242	4	37777777775	3	0	0	0	0	0
276	I	4337	22242	4	37777777775	3	0	0	0	0	0
278	I	4340	36004	4	4	3	0	0	0	0	0
281	I	4341	20241	3	4	3	0	0	0	0	0
283	I	4342	30240	0	0	3	0	0	0	0	0
285	I	4343	54130	4	0	3	0	0	0	0	0
287	I	4344	30241	4	0	3	0	0	0	0	0
289	I	4345	54131	6	0	3	0	0	0	0	0
291	I	4346	36004	6	0	3	0	0	0	0	0
292	I	4347	6	3	0	3	0	0	0	0	0
295	I	4350	76012	3	0	3	0	0	0	0	0
297	I	4351	54132	37777777777	37777777771	3	0	0	0	0	0
299	I	4352	30001	37777777777	37777777771	3	0	0	0	0	0
301	I	4353	54133	37777777771	37777777771	3	0	0	0	0	0
303	I	4354	36004	37777777771	37777777771	3	0	0	0	0	0
305	I	4355	54243	3	37777777771	3	0	0	0	0	0
306	I	4356	6	3	37777777771	3	0	0	0	0	0
309	I	4357	36025	3	37777777771	3	0	0	0	0	0
310	I	4360	6	0	12	3	0	0	0	0	0
316	I	4361	10243	0	12	3	0	0	0	0	0
318	I	4362	54134	3	1	3	0	0	0	0	0
320	I	4363	30001	3	1	3	0	0	0	0	0
322	I	4364	54135	1	1	3	0	0	0	0	0
324	I	4365	36017	1	1	3	0	0	0	0	0
325	I	4366	6	37777752525	1	3	0	0	0	0	0
327	I	4367	1040	37777752525	1	3	0	0	0	0	0
328	I	4370	6	37777752525	1	3	0	0	0	0	0
330	I	4371	40	37777752525	1	3	0	0	0	0	0
332	I	4372	54136	37777752525	1	3	0	0	0	0	0
334	I	4373	36020	37777752525	1	3	0	0	0	0	0
335	I	4374	6	33663	1	3	0	0	0	0	0
337	I	4375	2040	33663	1	3	0	0	0	0	0
339	I	4376	54137	12421	1	3	0	0	0	0	0
341	I	4377	36017	12421	1	3	0	0	0	0	0
342	I	4400	6	37777752525	1	3	0	0	0	0	0
344	I	4401	1040	37777752525	1	3	0	0	0	0	0
346	I	4402	36020	37777752525	1	3	0	0	0	0	0
347	I	4403	6	33663	1	3	0	0	0	0	0
349	I	4404	3040	33663	1	3	0	0	0	0	0
350	I	4405	6	12421	1	3	0	0	0	0	0
352	I	4406	40	12421	1	3	0	0	0	0	0
354	I	4407	54140	12421	1	3	0	0	0	0	0
356	I	4410	36017	12421	1	3	0	0	0	0	0
357	I	4411	6	37777752525	1	3	0	0	0	0	0
359	I	4412	1040	37777752525	1	3	0	0	0	0	0
361	I	4413	36020	37777752525	1	3	0	0	0	0	0
362	I	4414	6	33663	1	3	0	0	0	0	0
364	I	4415	4040	33663	1	3	0	0	0	0	0
366	I	4416	54141	37777773767	1	3	0	0	0	0	0
368	I	4417	36017	37777773767	1	3	0	0	0	0	0
369	I	4420	6	37777752525	1	3	0	0	0	0	0
371	I	4421	1040	37777752525	1	3	0	0	0	0	0
373	I	4422	36020	37777752525	1	3	0	0	0	0	0
374	I	4423	6	33663	1	3	0	0	0	0	0
376	I	4424	5040	33663	1	3	0	0	0	0	0
377	I	4425	6	37777773767	1	3	0	0	0	0	0
379	I	4426	40	37777773767	1	3	0	0	0	0	0
381	I	4427	54142	37777773767	1	3	0	0	0	0	0
383	I	4430	36017	37777773767	1	3	0	0	0	0	0
384	I	4431	6	37777752525	1	3	0	0	0	0	0
386	I	4432	1040	37777752525	1	3	0	0	0	0	0
388	I	4433	36020	37777752525	1	3	0	0	0	0	0
389	I	4434	6	33663	1	3	0	0	0	0	0
391	I	4435	6040	33663	1	3	0	0	0	0	0
393	I	4436	54143	37777761346	1	3	0	0	0	0	0
395	I	4437	36026	37777761346	1	3	0	0	0	0	0
397	I	4440	54003	3000	1	3	0	0	0	0	0
399	I	4441	36033	3000	1	3	3000	0	6	0	0
401	I	4442	55400	37777760606	1	3	3000	0	6	0	0
403	I	4443	36027	37777760606	1	3	3000	0	6	0	0
405	I	4444	54003	400	1	3	3000	0	6	0	0
407	I	4445	36034	400	1	3	400	0	1	0	0
409	I	4446	55400	10101	1	3	400	0	1	0	0
411	I	4447	36026	10101	1	3	400	0	1	0	0
413	I	4450	54003	3000	1	3	400	0	1	0	0
415	I	4451	31400	3000	1	3	3000	0	6	0	0
417	I	4452	54144	37777760606	1	3	3000	0	6	0	0
419	I	4453	36030	37777760606	1	3	3000	0	6	0	0
421	I	4454	54004	10000	1	3	3000	0	6	0	0
423	I	4455	30006	10000	1	3	3000	10000	10006	0	0
425	I	4456	54145	10006	1	3	3000	10000	10006	0	0
426	I	4457	2000	10006	1	3	3000	10000	10006	0	0
430	I	2000	32003	10006	1	4460	3000	10000	10006	0	0
432	I	2001	54146	37777744444	1	4460	3000	10000	10006	0	0
433	I	2002	2	37777744444	1	4460	3000	10000	10006	0	0
434	I	2	4460	37777744444	1	4460	3000	10000	10006	0	0
436	I	4460	36032	37777744444	1	3	3000	10000	10006	0	0
437	I	4461	6	100	1	3	3000	10000	10006	0	0
439	I	4462	1007	100	1	3	3000	10000	10006	0	0
441	I	4463	36031	100	1	3	3000	10000	10006	0	0
443	I	4464	54004	37777760000	1	3	3000	10000	10006	0	0
444	I	4465	2000	37777760000	1	3	3000	60000	60006	0	0
446	I	2000	32003	37777760000	1	4466	3000	60000	60006	0	0
448	I	2001	54147	37777740404	1	4466	3000	60000	60006	0	0
449	I	2002	2	37777740404	1	4466	3000	60000	60006	0	0
450	I	2	4466	37777740404	1	4466	3000	60000	60006	0	0
452	I	4466	36036	37777740404	1	3	3000	60000	60006	0	0
453	I	4467	6	14472	1	3	3000	60000	60006	0	0
454	R	4470	7000	14472	1	3	3000	60000	60006	0	0
456	I	0	14472	14472	1	3	3000	60000	60006	0	0
458	I	4472	36035	14472	1	3	3000	60000	60006	0	0
460	I	4473	54150	37777745454	1	3	3000	60000	60006	0	0
461	I	4474	15701	37777745454	1	3	3000	60000	60006	0	0
462	I	5701	15701	37777745454	1	3	3000	60000	60006	0	0
463	I	5701	15701	37777745454	1	3	3000	60000	60006	0	0
464	I	5701	15701	37777745454	1	3	3000	60000	60006	0	0
465	I	5701	15701	37777745454	1	3	3000	60000	60006	0	0
466	I	5701	15701	37777745454	1	3	3000	60000	60006	0	0
467	I	5701	15701	37777745454	1	3	3000	60000	60006	0	0
468	I	5701	15701	37777745454	1	3	3000	60000	60006	0	0
469	I	5701	15701	37777745454	1	3	3000	60000	60006	0	0
470	I	5701	15701	37777745454	1	3	3000	60000	60006	0	0
471	I	5701	15701	37777745454	1	3	3000	60000	60006	0	0
472	I	5701	15701	37777745454	1	3	3000	60000	60006	0	0
473	I	5701	15701	37777745454	1	3	3000	60000	60006	0	0
474	I	5701	15701	37777745454	1	3	3000	60000	60006	0	0
475	I	5701	15701	37777745454	1	3	3000	60000	60006	0	0
476	I	5701	15701	37777745454	1	3	3000	60000	60006	0	0
477	I	5701	15701	37777745454	1	3	3000	60000	60006	0	0
478	I	5701	15701	37777745454	1	3	3000	60000	60006	0	0
479	I	5701	15701	37777745454	1	3	3000	60000	60006	0	0
480	I	5701	15701	37777745454	1	3	3000	60000	60006	0	0
481	I	5701	15701	37777745454	1	3	3000	60000	60006	0	0
482	I	5701	15701	37777745454	1	3	3000	60000	60006	0	0
483	I	5701	15701	37777745454	1	3	3000	60000	60006	0	0
484	I	5701	15701	37777745454	1	3	3000	60000	60006	0	0
485	I	5701	15701	37777745454	1	3	3000	60000	60006	0	0
486	I	5701	15701	37777745454	1	3	3000	60000	60006	0	0
487	I	5701	15701	37777745454	1	3	3000	60000	60006	0	0
488	I	5701	15701	37777745454	1	3	3000	60000	60006	0	0
489	I	5701	15701	37777745454	1	3	3000	60000	60006	0	0
490	I	5701	15701	37777745454	1	3	3000	60000	60006	0	0
491	I	5701	15701	37777745454	1	3	3000	60000	60006	0	0
492	I	5701	15701	37777745454	1	3	3000	60000	60006	0	0
493	I	5701	15701	37777745454	1	3	3000	60000	60006	0	0
494	I	5701	15701	37777745454	1	3	3000	60000	60006	0	0
495	I	5701	15701	37777745454	1	3	3000	60000	60006	0	0
496	I	5701	15701	37777745454	1	3	3000	60000	60006	0	0
497	I	5701	15701	37777745454	1	3	3000	60000	60006	0	0
498	I	5701	15701	37777745454	1	3	3000	60000	60006	0	0
499	I	5701	15701	37777745454	1	3	3000	60000	60006	0	0
500	I	5701	15701	37777745454	1	3	3000	60000	60006	0	0
501	I	5701	15701	37777745454	1	3	3000	60000	60006	0	0
502	I	5701	15701	37777745454	1	3	3000	60000	60006	0	0
503	I	5701	15701	37777745454	1	3	3000	60000	60006	0	0
504	I	5701	15701	37777745454	1	3	3000	60000	60006	0	0
505	I	5701	15701	37777745454	1	3	3000	60000	60006	0	0
506	I	5701	15701	37777745454	1	3	3000	60000	60006	0	0
507	I	5701	15701	37777745454	1	3	3000	60000	60006	0	0
508	I	5701	15701	37777745454	1	3	3000	60000	60006	0	0
509	I	5701	15701	37777745454	1	3	3000	60000	60006	0	0
510	I	5701	15701	37777745454	1	3	3000	60000	60006	0	0
511	I	5701	15701	37777745454	1	3	3000	60000	60006	0	0
512	I	5701	15701	37777745454	1	3	3000	60000	60006	0	0
513	I	5701	15701	37777745454	1	3	3000	60000	60006	0	0
514	I	5701	15701	37777745454	1	3	3000	60000	60006	0	0
515	I	5701	15701	37777745454	1	3	3000	60000	60006	0	0
516	I	5701	15701	37777745454	1	3	3000	60000	60006	0	0
517	I	5701	15701	37777745454	1	3	3000	60000	60006	0	0
518	I	5701	15701	37777745454	1	3	3000	60000	60006	0	0
519	I	5701	15701	37777745454	1	3	3000	60000	60006	0	0
520	I	5701	15701	37777745454	1	3	3000	60000	60006	0	0
521	I	5701	15701	37777745454	1	3	3000	60000	60006	0	0
522	I	5701	15701	37777745454	1	3	3000	60000	60006	0	0
523	I	5701	15701	37777745454	1	3	3000	60000	60006	0	0
524	I	5701	15701	37777745454	1	3	3000	60000	60006	0	0
525	I	5701	15701	37777745454	1	3	3000	60000	60006	0	0
526	I	5701	15701	37777745454	1	3	3000	60000	60006	0	0
527	I	5701	15701	37777745454	1	3	3000	60000	60006	0	0
528	I	5701	15701	37777745454	1	3	3000	60000	60006	0	0
529	I	5701	15701	37777745454	1	3	3000	60000	60006	0	0
530	I	5701	15701	37777745454	1	3	3000	60000	60006	0	0
531	I	5701	15701	37777745454	1	3	3000	60000	60006	0	0
532	I	5701	15701	37777745454	1	3	3000	60000	60006	0	0
533	I	5701	15701	37777745454	1	3	3000	60000	60006	0	0
534	I	5701	15701	37777745454	1	3	3000	60000	60006	0	0
535	I	5701	15701	37777745454	1	3	3000	60000	60006	0	0
536	I	5701	15701	37777745454	1	3	3000	60000	60006	0	0
537	I	5701	15701	37777745454	1	3	3000	60000	60006	0	0
538	I	5701	15701	37777745454	1	3	3000	60000	60006	0	0
539	I	5701	15701	37777745454	1	3	3000	60000	60006	0	0
540	I	5701	15701	37777745454	1	3	3000	60000	60006	0	0
541	I	5701	15701	37777745454	1	3	3000	60000	60006	0	0
542	I	5701	15701	37777745454	1	3	3000	60000	60006	0	0
543	I	5701	15701	37777745454	1	3	3000	60000	60006	0	0
544	I	5701	15701	37777745454	1	3	3000	60000	60006	0	0
545	I	5701	15701	37777745454	1	3	3000	60000	60006	0	0
546	I	5701	15701	37777745454	1	3	3000	60000	60006	0	0
